institution_id,institution_name,institution_type,peer_group,size_band,active_from
FI001,Synthetic Commercial Bank 01,COMMERCIAL_BANK,PG-CB,LARGE,2020-01-01
FI002,Synthetic Commercial Bank 02,COMMERCIAL_BANK,PG-CB,LARGE,2020-01-01
FI003,Synthetic Commercial Bank 03,COMMERCIAL_BANK,PG-CB,LARGE,2020-01-01
FI004,Synthetic Commercial Bank 04,COMMERCIAL_BANK,PG-CB,LARGE,2020-01-01
FI005,Synthetic Commercial Bank 05,COMMERCIAL_BANK,PG-CB,LARGE,2020-01-01
FI006,Synthetic Commercial Bank 06,COMMERCIAL_BANK,PG-CB,LARGE,2020-01-01
FI007,Synthetic Commercial Bank 07,COMMERCIAL_BANK,PG-CB,LARGE,2020-01-01
FI008,Synthetic Commercial Bank 08,COMMERCIAL_BANK,PG-CB,LARGE,2020-01-01
FI009,Synthetic Commercial Bank 09,COMMERCIAL_BANK,PG-CB,MEDIUM,2020-01-01
FI010,Synthetic Commercial Bank 10,COMMERCIAL_BANK,PG-CB,MEDIUM,2020-01-01
FI011,Synthetic Commercial Bank 11,COMMERCIAL_BANK,PG-CB,MEDIUM,2020-01-01
FI012,Synthetic Commercial Bank 12,COMMERCIAL_BANK,PG-CB,MEDIUM,2020-01-01
FI013,Synthetic Commercial Bank 13,COMMERCIAL_BANK,PG-CB,MEDIUM,2020-01-01
FI014,Synthetic Commercial Bank 14,COMMERCIAL_BANK,PG-CB,MEDIUM,2020-01-01
FI015,Synthetic Commercial Bank 15,COMMERCIAL_BANK,PG-CB,MEDIUM,2020-01-01
FI016,Synthetic Commercial Bank 16,COMMERCIAL_BANK,PG-CB,MEDIUM,2020-01-01
FI017,Synthetic Commercial Bank 17,COMMERCIAL_BANK,PG-CB,MEDIUM,2020-01-01
FI018,Synthetic Commercial Bank 18,COMMERCIAL_BANK,PG-CB,MEDIUM,2020-01-01
FI019,Synthetic Commercial Bank 19,COMMERCIAL_BANK,PG-CB,MEDIUM,2020-01-01
FI020,Synthetic Commercial Bank 20,COMMERCIAL_BANK,PG-CB,MEDIUM,2020-01-01
FI021,Synthetic Islamic Bank 21,ISLAMIC_BANK,PG-IB,MEDIUM,2020-01-01
FI022,Synthetic Islamic Bank 22,ISLAMIC_BANK,PG-IB,MEDIUM,2020-01-01
FI023,Synthetic Islamic Bank 23,ISLAMIC_BANK,PG-IB,MEDIUM,2020-01-01
FI024,Synthetic Islamic Bank 24,ISLAMIC_BANK,PG-IB,MEDIUM,2020-01-01
FI025,Synthetic Islamic Bank 25,ISLAMIC_BANK,PG-IB,MEDIUM,2020-01-01
FI026,Synthetic Islamic Bank 26,ISLAMIC_BANK,PG-IB,SMALL,2020-01-01
FI027,Synthetic Islamic Bank 27,ISLAMIC_BANK,PG-IB,SMALL,2020-01-01
FI028,Synthetic Islamic Bank 28,ISLAMIC_BANK,PG-IB,SMALL,2020-01-01
FI029,Synthetic Islamic Bank 29,ISLAMIC_BANK,PG-IB,SMALL,2020-01-01
FI030,Synthetic Islamic Bank 30,ISLAMIC_BANK,PG-IB,SMALL,2020-01-01
FI031,Synthetic Islamic Bank 31,ISLAMIC_BANK,PG-IB,SMALL,2020-01-01
FI032,Synthetic Islamic Bank 32,ISLAMIC_BANK,PG-IB,SMALL,2020-01-01
FI033,Synthetic Investment Bank 33,INVESTMENT_BANK,PG-INV,SMALL,2020-01-01
FI034,Synthetic Investment Bank 34,INVESTMENT_BANK,PG-INV,SMALL,2020-01-01
FI035,Synthetic Investment Bank 35,INVESTMENT_BANK,PG-INV,SMALL,2020-01-01
FI036,Synthetic Investment Bank 36,INVESTMENT_BANK,PG-INV,SMALL,2020-01-01
FI037,Synthetic Investment Bank 37,INVESTMENT_BANK,PG-INV,SMALL,2020-01-01
FI038,Synthetic Investment Bank 38,INVESTMENT_BANK,PG-INV,SMALL,2020-01-01
FI039,Synthetic Investment Bank 39,INVESTMENT_BANK,PG-INV,SMALL,2020-01-01
FI040,Synthetic Investment Bank 40,INVESTMENT_BANK,PG-INV,SMALL,2020-01-01
FI041,Synthetic Dfi 41,DFI,PG-DFI,SMALL,2020-01-01
FI042,Synthetic Dfi 42,DFI,PG-DFI,SMALL,2020-01-01
FI043,Synthetic Dfi 43,DFI,PG-DFI,SMALL,2020-01-01
FI044,Synthetic Dfi 44,DFI,PG-DFI,SMALL,2020-01-01
FI045,Synthetic Dfi 45,DFI,PG-DFI,SMALL,2020-01-01
